dz8ibVoyK1RlYW0gSURzcFdpa3pn,VExnJkZLfTEyMDlSbGhieHVf,d2ZPOVglK09TSi9rJ00zbw==,QUZWNkhceldpbmRvd3MmakdROkk1
WjUpKjYiV0ZvciBtYXplMDAuanBnP1t3IUJZdA==,eiRPTiZ6KDEwMEZEN0p4bms=
LntMTjleWDdwaWFVLiVN,ZFtZOlk2NTMzajMiN342,bUlkLSIlJzEwYmg1UjIxKg==,cVo+VEszOTEwPzZjUiVOXg==,WEZ0L1lYODZHYXhqRUJU,fVB8MWBBfjNwLUctKnN6,dytfYntydDEwQ3UhLzhDVQ==,QjZEaEF0dDZYZmBWLkVz,Jzk2UnBANDNjcjcwUG8n,NHppZkJebzYrPT9caFc8
OmJdOz9RIzE8TTQhRkE+,KkQrIysreDEyZk16OTRKPg==,JEZpXCZnUjN2S0I4WEVz,KCtAXWA6bjEwV3InZm1tMQ==,W0A9Oz9aXzEyOlhtQT9Ucw==,eEFAOkQmSDUmJWxiSTQ/,MCEhOVV+XjdOTFtmdTRJ,VUV5ZGxZJjlQfSlFRUJs,Vi1ebiJ8IzEyQVp5MHk9KQ==,K0wpT3cncjVuS1xgMGA1
PEwhSC0lOzFzcXt9S3w1,XmV3Yj55KTE0RSdXIX5KfQ==,O05hZDVUMDlyJFJEL1dp,SVJGej8hVjZ5ZHRdIzdn,bm9ReUh9fTchKGkhfE9u,PW4kfFFXZDVfMz90fVwx,dXRgdkdNVTlWMSx2Z0Y5,aDF8QVZqJzEwMEtuW203UA==,bldGaV5VYjZjeWZ9YFJe,Sn1nYVw+TzVcOnpvdipg
aSxmTnRRQjVYUHZ8JGJx,O2ouXW9PUzNme3t0eSxZ,b2d8YCo7djZAOHkrWGQ9,NjxgJWlyLTVWQEVNYTN4,Z109P3E5PjVLUCIkZyMu,e0MsLm5ULzl6QjM0K2Ay,XTF9QlEsSTZxZXtFQ2Ry,X3JhIUgoYDNXNWAuJjl6,VmFmRVlwIjEyWDU8OisqJA==,SDVXcU4vcjVtR0xZM3hh
VSl8P2AvLDVOa1ZNMHk1,S3tDZ0V0LjVqKVx8LkVC,NmZdLXtONzkwTkhoUWhG,YncnKzR+KjEyVHFrYXw9bQ==,bzoxcnRIQzEtT3A0MD0i,citsfD03JTE0N2JnMHcsIw==,TF0jdlolOzkvd3o3I31L,J1QvZTA8bDQ0NnVxbFh8,L3VsZ2Z0QDNAVE5BbXxx,Llp+d3l5RDRSZCw1Jkl1
IUU8LUgxNDVOUHFKXVA0,WlxlJ1t3RDkvJFIlVmpZ,Yz8yeHFFYjYsZDwtZjNE,OmovK3U6OTcvZzwyX3Bw,UWMzRFMhejFZP0g1dylb,ZEM9a1pvfDEwU256R3R3MA==,Oz1SaztvcjEwanVUUGB4Mg==,RGh5d3M0XTEyeSVdWGdnLA==,cUpNOF4lbzVdWHgxMyhA,NEhRVndjXDEzaiFmLit0bQ==
eXVWYTVnLzl9LUAwelhY,MW0xYkB8cDZJWVZJSmNx,YHdFVVwpPjVZIy8vJ2c9,YSYtRW1PaDF5On1XcXJ2,fmVuQlNmQDhCXFBQaydj,Um1EKyhOMTEwMSUofCheLQ==,cVNjImB8XjEwIVlBRmpVLQ==,aU1YTjl1MDE0bzBkeXtjQA==,OlpAa3VOQDl0S1RKdGhU,eGl6SSlDYTZWMXl0KTd4
Wj8hQjBhejdhZ1IyYixV,ey0maCtLYzVZQD40a0co,Wl0xQnFMajVxNXxwIihi,OW9LeyFAXTl6Kzl8dVdi,PnpTYjR9PTYtdT0jbz92,UDRGYUhmezMpJiIoU3M+,WTdzcFJCezY0QzxdIkk8,c3dcdFgoVDNsTy1fNV42,OFJQTEAqIzZ1IyFuTVVo,OE9RUVwxVDVbXXwsKGcy
Nk1EPU8ydjVTZ0s4V3Fz,bFFXaWBoSTVJWkJIWWQp,cHYoKy8sSzleR11CaUMh,SV1uZnp8NDE0Y0ZXdj08fQ==,ZXtWNyhhPDEzSj1cKVguSg==,OX46MSh7NTVuWWEsaUkm,WURCaD9Pbjl2KnlUU2Um,QihMXFlBMDEyNGxqWkc0Xg==,QGU/NS45ajVdK2dvczxx,cU5JLTI9ITVqRUE5Xik0
dmtkRD1QITk5STVaci5N,L3s8Q3t9IzgyVHp4d3wi,LGs+OCZKVjEwNygjdVg6Ug==,N3BMRHZedTEwTFc0TmQwYg==,bm1+IX5PKzEwJHFEPTEhaQ==,QjNrJCtSKDEyejE9LCxnWw==,WXdAJUhJJTExInNUTzAjOQ==,bmYkUU0jaDEwaUM6eiNcJQ==,N3RVbDIsZTgrVU4iL3F5,TTZ7Tl9fOTEyellRPTlMQw==
LzVpejo+VkZvciBtYXplMDEuanBna0AjLkliew==,XmhiNmhLNTEwMHddOGNUd0Y=
UD9WPyN6cTdneXxueXBS,IjdNPSIpbTExanA+SENTWg==,IiNoSzcnRDI1LFFdKmQ0,eXZ3REh8MjJ9XEg8ZjUt,K3ZibD1USDZEWUFDXVxE,K1E/PkFgIzczSmN0QTVr,bjF7SVMzYDNLOH17aXxi,UixuW2N7QzE0eltNJnhXbg==,JEwhM2FreTdRS2gpfks0,STRDQkd4UTcwZHhkJzVm
X110YHc1cjlmT0Q/X09f,P35yeC9MJTEwYUw5cDc9cQ==,W3xYb1A3dDQiMXB8LmdK,M1FTX0NrQjEzZGdrbU1nfA==,NGQ3LWJ5WDEzUXdHJFJ3Vw==,WSxyVDZMVzloInteTCRX,KCMmaSNAfTA8UkFQTnIr,YHNHM2tTIzEwZ0NeQmUocw==,SX1jRW15dDA4TVN1J0Eh,PzpSNHAsdzRkWFp6UCk9
XXAyNCkhMzMyalBrI2xG,Y2srXm8tXTE0a2w4KTF7LA==,bmAtTX5BKjFFPUhHWGx2,RyQuJjo5ajIhKDxxWmVE,Snh4YSxyWDE0PFdUI2oiLA==,Vi5wJSw/JTExUHZCVl9nSQ==,QylYZSJIZjA2PlJyNHNv,UiNtZHVIVzE0UHhOekI0Lw==,VSJTaDxjIzEzZ1d+Lj8jaQ==,eW1XLjliXzEzNDBJdG0oWQ==
SHx4cG9SVDFab1pfPl0u,ZC1zeT13fjJ2YSN6TVEu,OntfYyp+TzEyPnpqRSQ6PQ==,OXgyWGp7QjEzTCZgPllFaw==,PTlvZSt4QjExQ3svcSNCJA==,ZWcpd3hGVjJ2Tlh7Sypd,TVx+YG88WTEyOCZEZT5GZg==,OkJ7I2QkSjc3QjJjKzBI,Okh7ZlJ7cDcrVGkzKjNf,bHQlT0VJbzdRXkRcOSdA
UGZePnFxLTUyaFpdMlUo,S008Z1ozdjFpPShoZm1T,Q0RdQ3s9JzE0UkQmbz9UXA==,UkdSWXU4bDc5Y0dtcW5O,bEg3N0N7OzNAJ344ZD5G,TV5HeFonJTgkfT4/PWJw,aGR4SDdWfDEwWy8zLntMMQ==,N1dtbidSNzg4bEQ3WWcy,YjUhOTBsLzhvcEZtfWl6,T0U7J0c/djReQUEmdi01
M0kqRWNvdTVqQXRFcyIy,d15oeCNsJDEze0pTJ3NyPQ==,U1wuVjxFfDdmfi5hUChK,XFsrcXdpSjEkY3RgdVc8,XjlnR2BVezEyVy0vSVVnYQ==,fXE9ZUNqWjMpM2U+Pk5j,VTF7alZ1TzEwJzZsc3o6XQ==,Q2lsUHx5JTE0dGc9R0k2Zw==,T2MxSDU3PjExdDY4PHpbdQ==,Rj50PklkQTEyVHZ1UGAoMw==
JDVCREhYNjVbXCU9ZWwn,XkoiSz1FNjcyMXBKa3h7,XCgnVm40JDEjS3FKcHYw,MC4zYWwyPTh0JzdVd2Mz,dXhwRzNFXzJCdkd5cERe,dlk6UnhzeDhERzs5Lix4,NFl4fm9dXzI7LikkNygi,NnIyNEN1STE0KUJHOypoaQ==,cVlUZH1bdTdEQzwwO3Nx,aDNNcEQ/LjdmMnhlWUVl
VVFMbi9ZVDkqN1JMezA3,KSxlTFppNThTIkF8SkBC,SntVeWIrTTRZUk0peGI9,YG9bfVhFaTdjIzJRY2hQ,KEwrMjVNUzEzKmA0Pmp4QA==,STxxJz9xbzdINzspYGBf,ZFlUJURKKjEzX2dvYGdVQA==,LG81ZVVHNDdwd3xLPHEt,ZC9pRH5cMDFfViY9Lixt,aWZabTM8WTEyIyY8fXotPA==
a0d+YUpVPzExRXtuLl1jXw==,dVdINjBBKTYxSTlXZ04m,fHMrZXsuOTE0YFBHV0Q+,Z3Y/LmIyLjgqZnt3YUJR,bTxTVmkmYjEwTjR6e2U7QQ==,LXJPWGBuRDA/MFlfPzRn,VTJZLG1KWzIlVWtDW343,Y2tLKThnWDB8UiEwNDhT,MSsrQCM0SjhuSEdfVGk4,eiZcPlhuQjE0Im45WlVWUw==
Ni9DV2d4UDExUXUmX0tmaw==,bTRabid6eDg7d1loYnFw,fSI0akxFejgnVVR9QHMs,P29YJDReYzEwZiZBcSFUVQ==,JHswQURcQzE0K0dYJ25Tag==,MSYoWkk3LTEzYlJMdTYvJg==,MFlGZlNFdDEzTjV3JT9YKw==,Jik+cEBvcTlwZlxjLidu,dWNRdyhYezEwVmcyJEpAUw==,b1hdbEQ5YDE0aVpFbFF6NQ==
O0pmQTxkXkZvciBtYXplMDIuanBnI0QiclQ/dg==,fnZCdlBEQTEwMHt9czRjeH0=
Q1NiUmlXIzcrL1Z0Ry1U,MCc/JFdXXzc7Z0w2NF1p,NERBPWtZLjExWVJzb2xEOQ==,U0dJTWB6cTZtYDRCbjI8,KkwyMWppIjM6IV5NZGgz,J1Q3eiIkazEwJyRrcGZrKw==,RGskMyE6ZjZoT3FofXoz,VyNyXyZYcjc1a2EheiFA,fV1RTjQkXTNDZyVrUyop,SkZKVjtKdTE0PFRmWiYlbA==
MmQtN1ldUzUhIiEicjF8,RzFJWzRRZTVOIiltUSpR,JTsvej0nejExUmgzSGoqJQ==,dGBPWl5PXDgkLW5JU0g6,Z1piSk1+NDBvJHYrISV8,Rl11WCosczE0IiFZPlZ5SQ==,fVJYcEFKZjleP0N6VkFi,d2tZQXJJLDg4Rz90JGpa,dS8yVEpAKDBpTzwlR20u,LSd7cnIuJDE0dFtIWSM8WQ==
IzR2eHZSTDFyI1ZnWjlk,bFs3elNqSTBRQVp9XiV7,V2ttQlhfJTEwOWltajBceQ==,KiNCL29FJTE0V19rdGdnVA==,eyp2OzJ6PTEzQmZ8WDYxOg==,OGV7LGFfXTExfF9XJmYjKA==,YG0sU2tCczY9a3FnKXNa,bS9pbTR2ejMmflNda3wj,JC44L0YhKDhMUEBGdz16,REt6Inc1TDE0RF4oTn5oYQ==
WlI3MjFpIjEzOzEnfkk8RQ==,RitNKmwxKDUxT35WIWpx,KCp3QU40ITExSy15Wj1HPg==,cjFoXnBFUDI5c0RUKXZl,XXcuTWsxZTE0aXZ1Ulx4Nw==,LGV+WFhgJDNBOF4/RElK,Ti1TZVhcJjg1KC4qNnFr,IWtHWihAcjA8I2Z2blFZ,cElDPHcuNDEwY3lJeExaYQ==,TU5RRSd4aDYmPHEwO01X
MydWeF4qdjM/cllzOmlg,LT1vQ1JcRDBWJ2coeXBw,PG5YY0pJNjJoeGF5XyZa,X0VtJix9Uzg5R2RAPlhk,ZGJSJFBUYzIuK1YqImBI,ezF1QH09OzEyclhWaGZfZg==,M3hmUltMIzExIyZfIm5NWg==,Xi94UVBSJjBpIj0oclRU,P1t5eHc+WjE0bSlRLzpjZg==,cllzeCVfTjEzTH5EdWEnMw==
YEpdRyR8PDVPQjBXWnB3,P2EqIns3QjUiK0oiPydE,YDVkKCY+YDVPSkgmIkxK,Tj49Ll8+bDExbG85VTFzWQ==,NlA2d3woQjhfK3cjJDou,O18zRyErUTE0NTNsQDpLeQ==,Oi5Hbyx2UTExbGI/Z2s9IQ==,d30wKT5odjRVayU8RHhp,OkElayp1LTM6ZnRxaUp7,Lkw8R3d0STE0VyIwQiFmWg==
NEchPSUuVDUtJyhyJipa,WFM/bX5uZjVwLVVZX3Vs,KDZOXUVzIzViOSxzazpT,ZntmIiFhcjExLk1RUGxWUA==,VV9naDF0VjEwcFEmaCxDYA==,VClYJ2FccTJRRmg1X1R6,cUVYKEZlJDJFIzZqRVtJ,fX5kcGhOVTgoL3VsXiRa,P3cvMmtXbDhYbW1EUVMo,ayRwaFteOTZdQGd3I2dX
WElbdnJHPjVTOm0yeVpH,JGNlRFs/bTEzKlJHWz8iUw==,UjBMOk55WDF8XykkSzU0,UlAsdVpAKDZIT21KYkot,P3tNQFslLzExZmJXZ10+Zg==,WC5oSXlFYzEyXmR9JTFjTA==,KF4iYzwiXzFUVSM5Y3JQ,O3NDW1MweDZpbm8xPnk9,WFZdMTxsRDNzQ0hlcFwi,QCM2X2U+ZzEycHhYfEVeWw==
US1XKVxSMTF0b016YGR+,emAmcXZHWTZ7e1IocSQl,PW9qdU17WTEzKzhte2g1Yg==,PjNJamw2TzUvanEiKDJc,fEhcUF5AYjN2Zlw2KytZ,ZSs1Mj04LDEwYGdCVFBOUA==,bXQsW3VwKjQtVHgveXh7,eX5FVnV0ODVWIS15J1JO,dENMXjolVDFWUTBqVXhh,YyRdfDpTazZsRkJGJE1q
Rl0tbSxzPjEzKnRvOWpUMQ==,Q2hOWnxFbjlLSTN6JztA,SUosL2E4azE0YHJIPXFjMA==,ISF3IXFvbjEzQVhFRy00WA==,bXlOJWNJLTEzX2M9ek9xVg==,YGoqViskZDExXi8lIXxSOw==,b1pSIUhGdjEyMVdEKDY7NA==,fjpceGtbQjEzdmV1Ujk+QQ==,L3A1amRDQTEzRHpsUUonJQ==,ZHFEdjtNTzEzOF45N0khdQ==
LEotPCZVYUZvciBtYXplMDMuanBnKidoekBjZA==,NmB9eSYpQTEwMDssI1xmMVs=
SnAuMFh+Ijd2XjBlV2Ax,VEV7KGJ9bTExb2guYSFhLg==,JD9gRWhfPDJpc1xpY2B3,e3hLeSYyTzE0TFQ5czkrXA==,NVlnRXRBODNqXXgsWm0j,UlZdalp8RzE0L0wicCZwYw==,M1lRcGReOjMiflYvbV0w,ZV0ySFVDUjInJCZRREwh,d1NVOCV0VjJbTSE6aj57,RDcrVXZdQTZwX35NPW5x
Q1hxa3Y6YDUiMXApJH5p,NVI7JzkzNDExTmp1VVs2Yw==,IjM5Xi1DUjBwQXtabEw7,PS11Zzk4OjJTV2RaYDdC,SGtPMiI5SjhoMkN7SiIy,OS02Yy9yJDJGJXVBNnlY,UytcbFxIYjQrZUcvemAw,dlJaIj48IzEzTWEvSHF2NQ==,fXU3Kzh1LzEzbHF1RE85cw==,T2lQL21SLzV0bnYpOmdF
Piw2cS4mbzErbzF1KW8z,TFpJWUwiVDEwaE9yeTsnag==,VFhUQXdweTEyaF04WWZrMw==,UUE1QSw4fTEzN3dQcXg6Ng==,W1NIbGFLPzExa0dGYCFBWw==,OiVJLWgmeDEyWVAoWjh2fA==,KCpyJE0vcDlDJUxnSHN1,XmEyekFwOjIqUlx7M2pZ,TV9BSVxMJDE0TWchW05pJg==,JSVTNEg5PjVPODQhOShg
Y2J+c1VBITEzSzwmUkZzbg==,fUsqbUYzNTExey5mIVNBfA==,bCtuPWJkOTZMPV1MS14+,QHFAWWtDTzNhIixAYD5s,J3IkfSpqVTJEL2QxWUdu,b19cPD8rcDEweCdBNV54dQ==,SEErSChvZDEwO2hjUXc5Kg==,fDtbUW9TbjBgSkV3X3A9,bVczITRMITE0Py0oMyloQA==,eFIuNnJfNDVcbGE4NyNo
VEgjbVNuRjNuelYwOCkm,aVh4UmJDbTEwO2lZNy0xag==,QkdJKytGdzhYV2p8W3A2,JlV9KDtDeTRGdF8oRE1G,ejUkaCg0PDEzK0I7cEN6fQ==,cmA+I1d5JTN9aiNVaiti,JE1bJzd4LTEwKGB+VyY+dA==,djAtZzdvJzB3QX4jLk18,ejhyclUoeDE0Q0o7OiVwYQ==,V0RjczhZLDVwOHEjQTZy
RFF8cHJYITEzP1oiT1xYYQ==,Z0ZBXWZqWDExUTErMmtaRA==,Zm9KVHh2cjEwOl9NXlIwLg==,MHItJFp7QjQuVWVhOCZQ,Mix7eX02PDNkdlpTciJU,LUwvVCQ3aTEyemhFVDM+VA==,fEx5WD5GNDExV1lgOHc1Rg==,NywvSDg/dDBxUFxURFQp,bXRGOWlRJzE0ZFwiVDNwLQ==,LCZ1OCxxSjVCKld8LVZs
Uk85W1dBSTExZkx5RTBEJQ==,L2E7VGA7XjEwbSxGLn1sUA==,LW1zOD8kYjJXLEBFPDc9,SUZMRD4xITQzdHlnSi1Y,JSZON3c0IzUuPys3NkFz,aklPV3dNYDdUeTpSaWBB,a2IlLlsoSzdXXHZyXFJP,bDY+OlsxajFYJUFETlZt,KzwxalkvSzZtbUhsbHNy,eG4xQVgrRTEzPU45MzZ8WA==
XFMkOHEkdTNtZSteN1Zf,LURpWkFseDIpI2RkRVJI,PHBQLzcqaDRLayhwIyNW,Xzg6OUA5XzEzZzd+SiVqaA==,ayprOzxhITEzLHAzT20/Ug==,LkAuTXZgUzEqPV9ZVkcm,UkdVY1x6YDArIVZRTEBw,ZnJlKGo9KDRGMzBeOSxl,OSM7RV1fJDlRcjtkUDo3,SGskaD1pJTZKMmI1L2Qo
UCxpVi0pSzEzJipwJ01TWQ==,dkovX08jQjU3J0Z3bn1M,ZTpeUDRARjEzXk4vdU80dg==,UGpoUmgvdDExKjJ5Nikxfg==,eE47QmosbzEwJnBwNmRaNQ==,bkguV2JYJzEyczpEb18rMQ==,MEhCXn1ORDUpVzl2eF1z,Uy8tZ2pUbTVYQzhlai11,ej9oXVQ2PTExQ2hAUlxpbw==,M1k8eSRndDQmWjM/alBW
QyU3RjAiVjExY3IrKC4+Yw==,JzdsMztVfjEybWd3YXk1Sg==,RTxzT3ktPzExRlpGUDNETQ==,d3t9ZS9aITEwQkAyN1ttdg==,NH0iYV44fjEwLlgzbWJQOg==,Y0heSjF0MzEwejtqZFhCLQ==,R04vJE09UDEyNndMYG84XA==,OUtjU3R5ZTEzfk1hOncxVA==,Tmt6JzY6LTExSVEuUTpURg==,dFg/VVpnajEyXFhkLTBJXQ==
XzFdclxKbkZvciBtYXplMDQuanBnfTh3PlEjXA==,YDpcSS5RSTEwMF16bC9ecnQ=
QD5qMWRpKzdCQFpibGZ3,LiRydDFkOzExYFZObVw/Tg==,aywpRytVUDI6Wl4+OUwq,WDtib2pESTEwUz9jdVNCOw==,P1R4fTpcUzEwSXY9dzdzaA==,JEBeVmEtKzEwME9jU1VEVg==,eEVfMERAUTZZSSJddiRF,JCIhRE0+IzM9SF1dPmVg,Pkk5KzhaLjE0Mm9eZG9kbg==,ZWFWQ3pWNDdSaix8YH0w
YTMmRih6KTVZZ3h5JFdi,SGIhKGxKfjdIRWl+eSYo,PU1QNUIqWjEzTylPSz5NMA==,Jz9aLkwiSDdyJXNZb2RS,SVk1LDImNTczUV9FUFwp,VS1WOG9yPTExZ1tye301Qg==,ZEBFKl47KTBCLnBIbG1W,emJnWmZCbjQvPnA0T1Qj,eEtbUVAoQTNyI3R2Y25a,PDBqJXgjQzEyXSEtYGExeA==
QVU8N2U7RjFmWntLQ0h6,czI1PV9RIjEyfVBBbURWcg==,PCkvbTRwdDdBKVtsU2Zk,Ojopb09kWTkodyp9ZFdX,ZjE+QVZuZDR3TlRdKTRd,bXJIMVAvVTdDNXdfdWNP,PkouPkY9JTEzNk5bT05NVQ==,VXZYcT5cOjVSeyo9NiZi,a0xGKXBUcDEuVmpNfX41,NXNQRkorOTE0V0o0dWVmXQ==
Q0BEMkt0ezFGeiZjXk5n,PkMtYm1AJTE0e3F5fU9tbg==,UnRzem1NUTF9LEVye0Uh,JWVkX1w9ajZOaSVIYHpF,cXkuRCt1RTFmaEh5P1p0,O0NIdERaYjRNK1NzayZ+,YnJBL0dMbTdgX2t2XGFD,Yl94VEo3VDV2cXBWQj4s,OixBJ2BaQDVTNCEuWWVm,T3wrYz0mWjc+ekRzISVW
JDJxWDNSdTE+MGZUVyQ0,OUVbUGhMPTE0dyl8aFdkVg==,dFs1T1ZWMTEzIzJFI312Ww==,UnJXJE4vZjVOVmciMURk,VnVaN2lKeDEzNkZZUT10SA==,XU0+Tn1OVjl3IkpNK353,Y3JRTTNzMDAja254LyxQ,Rmh4cDQwRjhUVGQpfmx0,bWJgYGBiUTglKko8QixJ,SFdNPX04LDEyQUJQaENRXg==
aUBoY10tIzkqUlwvQkpw,cHVSQCN3bjEwRnIlVypWYg==,RTg2K05jZTYiK21HcE89,c35aQUhbOTlsIyVaeVRX,YCFyYlx0XjEwZ2I2VHN0VQ==,Rk5jIV1mcDJZJmxqXl5S,MCMiLm1ZWzhHYGAlcG9V,elo6J0AnVzJ5KlJIK1M4,bWY3QS0rYDEwO05zUy07TA==,PkV9NHY2TzE0fFs9UktGTg==
LXB2JUltbjc0JDxrJSgh,YyN1ZFFYZTN7Jj9bRiht,YEtcXHYubDRNZWY0cW0s,NkU2VX1ESzddW3lNJHJa,Z2VSNWpMVjExTHpeVCJrWA==,I14rNiVGQzEySU5uKCEzZA==,WHZ+PFhfJTduKyVENl5c,bH1EaD8uTjFkMl80bGZw,OTdbTk1KXDEwJXlERiZ4JA==,UzY6Ynk2cTE0UE9MLyNRJg==
bGR6I0UpPDl2fmxXOm4i,bSFlVjRhJTRQMn0/ZScl,PSFUM241cTEzKyxnXXYhVg==,TSFFTTFlNjl8T1k3UCl4,LmcmUj1JLzEwbz1YXytMPg==,XCJCUE5iRTJlaDdmQC9p,QUZURXRENThHUFhkMkJc,b3E3JXJCIzByKHk3TTx1,LUY1anJiRDJlIVVJKSJa,SytZbDpCZDE0Iz93IkI4bw==
OXlIRV09KzN4SmgzYlhw,fG9uUWN0djA7LURTenpn,UWVqYV9tcDEwQFBzLytjXg==,YV1rVScjfjYjRGItKXA0,JEhgSSJEWjExfXQxYChULg==,PGpoYXlhTTRSbiNqbTEz,WikjXz5ULzExU0lEQDpzPg==,P3ElYkprWzEyJS9YNDJANQ==,REFYRXYwLTEoLnd1LGVA,X0NXSjAqfjE0R1d+d3pDUQ==
YWg9cFs6SDEzcGRBOmI/eg==,fTFATV84PjEzeDBZZ05wSw==,R3JmQHJlJjExb1hHekZ6Zg==,JU42TE5mSThxU08sUUl3,Qzh8WUBcdjEwMS80TT91dQ==,KGQ4LCZ8VDh3KjopL3tb,e35OTzJFPjEwMCFFa3lFUg==,NTwwVUJGfTE0JXFUJXdWcg==,KH0lRmNIOjlue3lOTWpI,a0RxJEV2YTE0cyxwXjY/Kg==
OHo/LSNaOkZvciBtYXplMDUuanBnTVpVcydhXg==,Ti0oLTc6ezEwMDJQSXd3cTw=
KUpcdk1vfDc0RmZFY1Zo,JDlieyEjcDM7Kj46Ly9a,QCQ/Ij5pfTEwSFwpYCFzdg==,fDpxRHNAUTE0WSIjfl5lfQ==,eGAlQGF9QTNfLEIifFVB,LTV3PEtlUTIkfDp+X3lg,Y1wyOT5RXTEwZSJVRColaQ==,SWJ8PlB4PDE0R2tCQT54Rw==,SD5YPCFkTjExcyZJc3xjUw==,fiMmSVpLVTY5WScmXyxr
JVokTEBhMzVLYy05J3RV,UjVjTiYrPDFGKDlpLT5a,UjR2YyVrNjE0Jy91b1Y/aA==,ZEBQQ3lvKTExOWJZN24tSQ==,b2N8bShhdzR6PDhvL1hb,QkkwUkguJjkqfi4hdWZr,YWY3X0R1JzYwWGo+fkNI,YWVzYnw2QDExMWAyWDU0ew==,fXFUWmxfXTEwejlFfXFZJQ==,NnJ6VV9QWjQ8eSJSPkRw
P1M/eD53fDFbMDJUWnJ6,KixMITBSODBtTmlRVX5U,fC5VTTJwazJ9ekw8KT5C,RG5GYzd9XzE0fShGWWZ4Mg==,PT9yVGI9ITEzUkVVXEw9Wg==,Sn5hViFUPjExKSdxSzJeXA==,LSIuQHdgXzA4R1QoXTtO,I2hqMCNPXTE0JTRgVnJ5dA==,Jy82YU5vTDM/R2YuPmMt,eH03ZCZxczEyc1JbeUdhUg==
Xm1MLmhBJTVQaF8/VFM1,Qjp1UERWbzEzTGRQRDVybg==,eXtxfT9uQjkwdGg9PU13,PmNAZkx+fjJzU0NVKm5G,SlZJNiEoYzEwLnwqXGNXRA==,RzhrP3VANTEweGJoV1JbVA==,Wyd0XzZUaTRwR3FnUzlj,amhSOzFbMTdFcVlPR29W,fDJsQ1tFMzVlMzZMTUco,RiZVd2IyMTdXPmB7TEhG
LEY0YXpHXjkwO0tLVkFR,NSt3UShCSjE0UmFkb1xMfg==,eHtjWiVTNjExckFmYkY1TQ==,I0ZbMShdTjEyTz52fVZ7Vg==,SlJlKltcQDMpS0htZTpY,OmEuaExFOjEwTyxFfT8qQg==,bS8iYWNDMjgjIWEjOkhx,NHstdnQuLDAtdH1uc3VB,N3J+WUFJKzghNjhgPGkr,dFxOYncqajEyYmBJQ00+ZQ==
O0UrKlZRVDExOmlROFd9dg==,aSZYWmBuazZ3bF5JTnpC,VVdoNFhyeTExanJnL1xbTg==,TX1UQS9UIzEwN15ufStUZA==,N3JmTl0/UDEyd2FGKnRuXQ==,QSQ5czhXXzdpfkJhPXhd,VV1+KSpJdzExKyZLSGc0bw==,QUcuX0F8JTRBPWU8RTJi,N25jOz9FdzMzQzRlfiFo,UyQzKyE2MjE0Ui1fblB4Xw==
KHNqMD5IKTExKn4pLiRSRQ==,fWp8enE+IzB3W3VNRV96,eGcqeCZfbjEwZ207SkshUg==,dykzfWhFMzEwVj0yKio+Rg==,QSxIeS4wSzZkSzs+Qlkv,L1cyaGl+bTEtLlUxUjd9,Zi46ZSNTXjJEXDBAO3gr,dVFXL3UhLjBYXSZvNXFf,I3tfLD53fDBQZmA9eVlX,RV91aDNvPjE0d1dqIlpSMQ==
Tm9lLmtlPzExPEtDTktseg==,JjNKPDB1PTEybWZ4fkZfOw==,YjtjMzZrdDExLGUuKVh4Ig==,KVE4R3lnZjJPMyt7clpO,b2hEVnZNWDBNW0xRPlJe,NlB6NkBuPzQ0V0I8RyxW,Iz9dNCJuNjViVkE6OD1p,ZCFBUy1aJjEzM0I6WnwzSQ==,IWl+LCJfJDlJX3NTOF08,Oz4mM1N1ZzY4LDh9fUhO
RmU9cHw4VTExWzpsJi9UYA==,KCUqQ31tLzEwalx1J04iZQ==,b2xkWUY8OjJdSjh1Lm49,WVY3YHoqcTRWeE1kM3hU,OyRpPnM2NTEzcmcwPnlQUA==,JU9sVEVQOjVrX2cuMTx0,bnVfbCxnejFXZTpPZ3x8,TWJ6JiNBTjIkK0E4X1xt,aztvd3AydTZMVm4jd0hs,LU5dVU5nMzVBZDdBTVE7
ZDVQZEFedDExY2hAS0FlSw==,eUgrUEVfLDEwMGR8MmxvcQ==,VjgxcixnNzEyOj8mc21AKg==,ayopOlMkTDEzUWFWYjNsbg==,XjdBeXhXTDExZFJaZ3FfSA==,MWttYCp1bzEyM2csc3srXw==,IztUcC1tWDEzPkIjQCpafA==,cHJLMyVbbDEzTHEkQWJKVQ==,KDRtVllbRzEzNzg6QV80Mw==,MDw9bypePjEzJisnQDZESg==
KFtMY3Q2TEZvciBtYXplMDYuanBnfEkyOXkhTw==,NFdacG9WWTEwMGRmZHE/V2Y=
e0RvPjNUITcmRHAmaW80,PyRoSDtPPjN5cko3ZW9M,LUJHV2hHVDYlZ3xYZEZt,Jlhga3JPKzNEK0AkKUZG,WFU1KDZuMjYqZl4/RDVJ,fXQtYSY7LTMwWk8keChn,dm01YT9MPDEwIUR8KD0paw==,VSs9JilzXTJSSnsjOH19,bU1zQjpAeDEwfDZye0VFNQ==,OnVFaHM2PDZqPik+PE9j
WG1TXyk7XDFeT0M0WEgx,cyMlVz80OzEyOixCQjQqNw==,a3tMIiNMUzlRV0hEa3R6,c0tAL1RbIjEyPFJiL0ZWeg==,LmgxbzB2Nzk7VCFnSG0z,K0p9LlpeRjEyJTl7dEg9XA==,anNRIl5VKjM4UGJoWzpB,RHV7JSlLfDEyPz5AN1tveA==,U2BlaSpjTzdyX0dHdzZx,NXItLkJiVDVWKClOIVF0
Pj15NHp5KjkrOm9TfWp3,eG1DVGlmKzEwSnglWFAsSQ==,VlY5UlB0IjEwIjl3YkJuaQ==,PDo2PiYnbjZ9LWlpXk8w,TENlQX05cjdjL0gue31S,U1ZEL0stPzNyRVtcIlBr,S3AzaCFzPzEycVBIdVw/Yg==,RmdSYmkrLDExVXhNUG9lfg==,Jz1CNn4hYjRuJ0J4I05S,Yi4pdztzWDUhKHluT0Y3
V0smTHdVNDNBZixTNkta,WCtydmlqaTY/NHJ0eSk0,MHtPMlZyejMhPCo7UkA+,S2d5alpjdTEySigtWFtmSw==,JVxqKHBkaTU3QEJMOj53,WmYze25lSDlfIz1KNVsi,UE5xRTk0UjEwWF5Rcm1nbA==,NDN2LHFjLjZYZ0ZHaj9b,UVEkfmsoTjUzSUN1PW5b,KHB0YW1ASTV9e3decnFl
b2NQayZWTzUlfmw0ZWJR,OHowdUQ8eDlnLVIvPDBS,MjRRaXZ8QzhdL3xAdjhO,J218S1RoaTE0bSJlO1lCMQ==,SXV+WjFTQDFQUkk0PXlI,UFpbcVhENjJMS3BSVV5o,RElEQTxUPDE0XjEsbTx+VQ==,PXhVOX5dKzU/ZmRDd3lC,ZjxpRV87WjFYJ0wjYkA1,LWNqSCZSOTEyeSU6LzNiKQ==
L1RfQnZMWTVlP1ZYdk9b,Lm5hezRmIjExQTooLTdKeg==,PGBeeDw5PjJqdio2dTFM,aGZDcFNmJjJFV0YifU1n,Ujh6akAwdjEyQUlsKHl1bA==,S0ROaycnZjVjZjlsVUNQ,Y1xEaksoYjNuYy85JTls,LUInPUAlPDEyPG93XSk7VA==,LEk/aWNMSzV9XzQnL2F5,JUg8eHknfDdlNUxZeSIk
RUg8Rjt8NTliI2tLXj0x,Xyw+OXJjajZMKk92QjJC,ajdPKlxkITUiOF08ckVH,U2pAc3wlZjV5V1NQW0Q0,aSJxY3FNcjExeVkodWRCMA==,fFNmUD8yWDQ1Y3htZX1O,MVVeUDtKQjklNV9afklD,Q2F5fFFzSTZcMU8zZX1a,SHdranhJUTkqe20mT1Y2,Xk1cMXJLazR6Z2ouNTI0
TTtRczJdPTM3em1bIVVc,XmFdYT5tdzEyXEE8fitcew==,JE5baj4iMjEzay0kc3hEJg==,Lm43VmovVzk+eH4ncSde,cmYibGtxPTZwdysifEYi,c3Q6LV5nRDkwUjk2MnNx,P3dSSX15cjZMOF5ZNDI6,cFY8Ry1sZjUzNX5lYSs9,IktlMUNLezdPIkVdWVxU,VTdSbVNUdDVTXmFgbDJp
W1tdTF9MMjVoREszM2wx,QDRZYXtSaTNFTTw6cGBA,aCh8NjRmVzEwcmZzR3A4Lw==,IXhsNWwyTzY4cCMpUXou,P0F8b004YDVMYHNmRUQ8,WVQpZFFhUjExQnR9bTVxTg==,dlctJDN1YTEyNUFXYGp2Xg==,JU8qfj1hczUtJXhvTDd+,cjNaJHJMLzU6c0ghamBr,bFlvMzVyIjUrW35GbyUp
V1JQJXwrVDlPJGo8Pzoj,SyhNblcmSjEyY0M6P1FpLQ==,bTdiPVckYTExWlNMQD1pbA==,bX1DOkR6NzhpIiZzZ1tU,PGRHckJydDEyIzJ9UVV7dA==,dTRFODUtVzExSHg7NjFabg==,RyZhNyRtRTEwRCUnJFJ2ew==,VFw6PipdRzEyO2JEVnEqUg==,eGAtUno0bTk8ZksqWzM6,ZD4wfUl+PTEySnhzSX10Mg==
NFNGcUVvLUZvciBtYXplMDcuanBnKnNrWy1TYQ==,LWo7JUlaMjEwMF1RaklqbWw=
O3lWKnNpOzNuKiguLnVb,dE9rdy1vNDE0djkwdzAxeQ==,OmpQRmdWUTNQZ0Jxdn48,XFZWYl9ISzEwPkNtfCw/Mg==,QHl8KTRrdzEwJFFmMFdsdA==,MzNBVzg6ejEwKkE2VzRJaA==,L25RPU5CLjEwakMtaENzaw==,fUg9JzwuQDJuYDR4amQr,MXtdZVk6QzEwLXJFJU9mUQ==,VnZ0WGFyLjZxJCsscVdP
WTh1UWA6bzU2cFIiPShH,KnA0NktKVjMkOH4nT1w1,ZkZYbzgkbjEyb0J8MXcjZQ==,XyUqX3VPRDExOj1Zd1pOKg==,WmowYnN4IjZrRTE6P1Ai,fmBkVXhhajNaT1ltQzE/,Iic4eEFBbDYoT2RZe2Aj,X1JkbnI5TTEzWStEaCdnLA==,UGlyLmRoQTNjPDRnUEVu,PHE1bVklRjR7WmNbU2dl
aCklWDZXcTU8QkUiPS4q,UztsQUYjejl1d00hbWh4,WzdldXQnZDJYIyc7IUJt,WlJzZFAyKjEwX2BkWGpGMg==,bTQ2TyNfOzEyU0QtYyE8Zg==,PyFQLi46LTVffCklZS4k,XnJFIXpCRjlYcEcwKnpj,dCljXW5EMDZDKDkid0Ng,X0U7YyFrXjVTVTYrM3xC,cEB5Ri1HNDEzeiQpNWFoJQ==
JEtxN3kqezE7JDpWZHdG,Sjc9TllcMjE0NmNsa3Q+RQ==,MkJWK3AsODUmbm80WkFj,UzpEaWNWLjN6TzVkVXA8,PWp8SFNiPDY/VWgyfVhs,XlZRTV5uKDl9WX55VXZ7,dmFXTFRWOzYhZmZOaDxZ,dl9NKjZOITVMcz5udVks,R2ZUP0kiJzlKeGJWUWNj,dk53MWZ5RDYxW1ksMDZB
V2VeJjRJLzlmR04xNVRk,Unw4LkpqTjEwMFokZGAnJA==,Sid+NG4hYDEyaTQ7LjJpUQ==,YVBpRVQrIzVKJXVLXE4j,ZCtbVGByPDl4OHwtZkdO,WnVEZScvUjEwbUptZldEJw==,NVVHUSVceTEyWWdLVWI+fQ==,Z3R5ITV1NTU2fko3clQq,JHJlZE9QOzNnRF55a2Jl,LUolIyw/ITEyNlBRfEtlOg==
WEs1XVc6JzM+ZlAvTHFG,JldGWj9yTzEwMkBaPk1XRw==,W15mMms7LDY0N3c4KHRU,diMtZmw4XTU5TH5VTy5u,KUklakA6XDdPK25ec0NU,NC98aW8zYzNIb0IwOjNd,QkJkQXVPVjEwLztfczJkIw==,RiRxKTNfdzEyd1pTSm8zUg==,THlwTUpmWjkpWklTL3J5,aV4qUTZQejZITk8qbisy
YG0/Vkk3ezU1YWNMTVw3,Tnh8YVRiRTExU0BXaFJ0Og==,U1t4IVtnezgsRit7ayg7,dXYnTnhNOjEyITZlQ2Q9Mw==,MUwyUnhwLzVEay10SHJt,QFldQFRTQDVUPmJRXSxb,b0hNKy8mYTNqS0MtaXl8,JSZIdjRfUzZOMDMnISpF,UUNGLCZTdjNwJmkwKVFS,T04xVmNVNzEyVUc+S2RyKQ==
UGJWeDRhXTVkaCMhbTNw,NWdmbVRKdjczYlhDXnE1,Q2Fla28ubTMoTmcjIkY3,Mml8PyFlTjEwLjcsQWNoOw==,IT5AWmRxQTRVW05XTX54,MEplLXckOzVbdyR+XUwo,I1V4RHJvIzVpQk14Qk4o,S0I/TUpRMjUoYEZ4S1I2,QDN0JWVDWzluWHQqd25Q,Z0VKeyZVcjZPXDtFQCVn
Nm92ZTB4bTV7ekZxclNA,IXJ2LVNESDUxPG5QMD5+,K0csUm1iZzloazt9LUAr,R35LS218WjZKNSc+OFZm,UHBZPTVCPjUkejotUk59,bmRpPGFSZTkvNz1HSGNB,fn1iLCd+dzEyKTA5SG5QYA==,YjxuKlRabjl9Z2BraXVe,dUxeeHZfUDZhYk5BWXwi,NypSW2M6UDUjTTsiPVxZ
Ky43OW1CPjksQyF0cid0,dmBlVG5jXjEyfmA4dUNeYA==,YjM6U3RWODExTShbV1gyVQ==,TEAoMDVYSzEyOnF8I1s0Xw==,MUN0e3lgbTkiMichWWFd,KllhSzNBNzEwMi5GK0ljaQ==,S1VNYmR9WDEwRTAyPUY7bg==,W3tgYXVOLTEwSz54bz0pPw==,dl1JckxEVzh7I0tDZV19,KGckfnY9cjEyS1xKLzQkbg==
cFkoc2RIUUZvciBtYXplMDguanBnMDhHeCoiKg==,fmhjYydiOTEwMDhyQigwXFA=
cFNyJSs4SjNyQUcoLC9m,bUlaOHFvSTJLUydNQnsk,aTU6dWFqMzEwNHhTQ1oqPg==,Zi1RMS1iXjEwWytHUzElKg==,IkZcZEhHSDEwNmBWWktAcw==,Xz9YNTxaNjEwfiZNTyZHfQ==,SyMqImg5QTZBRmtdTm1Q,RWpBVzJ1RTExYnV0TT44aQ==,cm04MWtcfTJGYF5xQXJV,VlhfOlJlXDZoWTtyR09c
Z1FPQG04WzVObGtGOiJt,LltmbG5PdzU0PTktaXcz,NihVeHpgKzNpMUBBZmJJ,IW85dFQyfDEwJX5TLS1kfA==,TE9NM0g9JjEwck9rJFpdPg==,PnRVaFB3MDZeRldPS05v,XEVvUGooVTk8e1JQUiRi,Xig5I2U+YzZ1OzU4T0tJ,MzBXUDQnIzEzTT54Rzcqdg==,LUpSejJ+QDVjWEcmaz1q
IXMjKV88KTUoL1JRTTQy,Rix1Yn5TcTlPQV52eShx,YGhOPDJkTzhDdWcxOnND,YFVxUlloITEwSHwpVzMyeA==,TmAmKHBBajE0LXE2MjN3aw==,WFx9SnUuZjV6QnE8SyJ1,TlpHYz9LbTN3S2IiK0Ys,LEIiczZyNDgtSkFYZ1N3,fWJtWGQ3OzEwYTpqaUVhUA==,VjtzIW11VTR+Xz9vYidU
dF42TkhiWzUhe2ZTJ31x,bUV2fi1pUjN6ay0lcXpy,WlxjSUNobjY5fUlTLkIk,MUBmKSVjMTMjTTx4aW4k,OWN+PDxrLjEwJicvKDVvfA==,aSQsN0BATTEyOXtzdjBBJA==,LXpiNEtUUDEzOSc2b2d8NQ==,THZQY0pLYzNJUCVJW25Y,e2VpYWtQazYldTYzfiIw,JC5pc1pdSDEzMFttQnJGRA==
Q0RcbChxWTlKfG1iUHAw,Rmp1VlxTMzEyUHs+ZXA1Iw==,OlFLISI2WDU6TC91XixI,NWROXTZyczkybEI/UyM9,fXB6RCxlOjEwdjVCYG0mdg==,InJnZUdaUTEwdlQuNlZDMw==,NEBcM0gkKzEwU3l7PTknXw==,OWFGeFt8dzEyNy1gInVNcA==,OWZJSydMUTl6d19jbl8r,MUBrJnNtZzYrXENAMGE4
K2FPVGU2NTMlISM1LyV9,OWwhNFJufjE0SiVPTWY+Zg==,K1pIVHQkKDlaSn1Yfilq,LFFwKEJqITEwciMyb0tlNA==,ZHpfJGhcMjEwd0wsM30nRQ==,eEV2IWspMTEwOFBjKEBsbg==,V30nZ1h9XzIkWWlkd2tp,ek9BPV1RejE0M2BrdEA3Zw==,eSxIXm1+RTNWNHhhaXlP,bG9EXGZPazEyLHc5PXIqPw==
YiVMWEQ3WjFnfncyVjhB,WDtxIkQ7OzZcUk8kRSJM,cFxLdT1HZTNgZk47ckJn,Xy1SZWE2fjEwUCZKZ1xIVA==,LH5VeUR1LzJsXil1aHhc,ajR+XElWcjE0SmBwQmJFPg==,ZVBHNjtaNzVXKk05b0p7,TklAWDF1LjMmaHFkW2M2,flFLIVRXXzEyWzEnLn5ZaQ==,S0FNNTEpfjcsUUxGJ313
JG0oXUhNYTVsJE9ZcEV3,TiRHSnZUNTl2M20hUUxm,TlVvMzF8VzEydWc7dUI6ZQ==,REYxLndeaDc0SSxwVEs0,Nm1CP2FgYjlCLzJcXElX,ZGouK08+cTEwLj85OUlceA==,fFQ+VkQlaTEyYzByXWU0Vg==,Ll0vXyRlTTEzVS4vPmswfQ==,Z3FDX3pneTNtbDJjRywm,LkQ1NioiODQ8OGNCKDgt
ZjhqRCs5QTlKMVg/cChO,TmdZfjBvMTZuSS4ybm9V,XEhsK3AxfTNuJnUmLT0r,ZHN+WX1pKjQweSs1QEZh,fVVWVFpeczNydDY4ZmFA,eShaPCpiWjEwKllHdkQ6IQ==,eSl8UEYpNzEwUjdHMT9hSg==,Znc3J0FVJDYvTzwweS0h,W1E7dVRMVjEzRWBzcSh6Xg==,aDM5W28+OTV0cWdXLXFp
XFo5a0w+dTExRG57aH5MQg==,KlguKTFNPzhwOEdmfnYt,cDUjJGFLVjEyey4tXydAOQ==,JHxjTU5WVjl7WldNK3kz,ZUYzLVEjTDEyVT80ITUzew==,czJhaXsiNDExMyFNJ3B9YA==,MHFgQmRnNjEwMkFIIVdxXw==,XS9LQ3lrYjhoXnIpVGRg,S3BSdFR8TDEwYD9LfDIyWg==,LjoiU299PTEyayV3YzdVNA==
dXN8NDtuKEZvciBtYXplMDkuanBnX0ZbRyt5fg==,KGF1YUxxJjEwMEYuMk8lT2Y=
Mk5cbGZ0JzNQfSttQ1Jm,YylqI1FMPDJzQCtCMiZq,bmMtPyZ5dDEwZ3d3VkwwUg==,cXMuNFM0TjE0QydVbWJcRw==,WUdeZURWNjNca3c8YHAv,X0s7WCkwezEwUkE9aXZBRg==,ci4jLW9JYDEwJjk4dClmdQ==,ZU13OzlnaTYleEkhNilj,UW1XKDFOOjExcW4kcnlFXA==,SF9+REh+dzZ7YjJxJzgs
flVDKFYkRjVyOHwzNjM2,OWBndkx7TTU4dHx9aV0o,I3RDcH1bMzExSEpZQG0/Iw==,WkZtOEx9MzEwZ1k7V093NQ==,dCo9aCFhTDEyVyljXls2MA==,dT4rbjV5VDNPUF9+eWxM,ciMmQjFUUzE0cGp1W3t2Jg==,QW8kMTxQWzlGLV9ULFAx,TT1waWdsVjEwSlZYVzh3VA==,SW15L3wzRDQhbU1cZmNd
fXhZUy93MDV1SH5ZIXJr,WlxnZUVDUzk8PSoxWDRj,fEdrLEItKjZBbT0ncHJQ,PGRaX18pbzM3X2lsczoy,fn5abURzWTEwV25jKGA7Uw==,JF17QmQjYzgpN3g6e0ts,ZzFtWUEoSjEweiQ3YnFMTA==,aE5sNzUqdDEwIzt+LT8mbA==,U0o3LktncjEwIn5VREtAXA==,QHBJdlY3ajEyWiVFMl1RRQ==
TVRBQ2FzczVrWis8ImQi,UkRwLkJpYjMjYllpeCY2,amdhel1PfTREQCFgdWx7,cVRBIzZUIjk0V1QmRmFL,WWo9aXYidzY7QjoxSmA+,dHB8PClUcTMiZXUnWFh0,UGk7dUxHWTI0QyIse3d2,UzFNeUxIZjEwPS4kb2lEIw==,JEZEbXN2NDEwRXM7QlVYIg==,YjIkciFqVDE0d1JnO3NoRg==
cTxNQ0tFRTU8TUZKdXFH,WChLOEtoZTU2UCZgMkBc,UiotY2tARDVfXy85PG5Y,aUUiLUAiYDM2ZiU1d3p5,M3dUbWN4dzEydnhDd3RDTw==,R21YWjVlSDVmJUBmQkJO,V0Z0IlhlPzEzRy5aLmV1Lg==,PnMmWH0jaDNgQCE5d20w,RllLbmJlSTEwaXU3N0s1eQ==,ayRKTDpQVDZ4RypZUVdV
eid3U1EwQTUkRC4uXidO,SU1uS0MuLDUiUy4nYl5X,L0F5LSVZYTUyT3xQVFU+,U0pMVTx1fjVrey0ubXVS,Xy9FT0lGZjcwL3tLRnp3,WmRrIiF4TzE/fT4qfkM7,TksqLUF2OTZsWXREV3Jo,X2s+IkEyYTVPe0ktLlxM,dUdCWTpLLjM4VXF1UzdR,IiRXfiF2OTR4QWU9RSkp
Y14hLU59XDVkZm00SFVK,R01FeydbOTVfSiZVZ29O,dkFdXGJUdDEzMnAsMHdcXw==,V08lS1tzKDVjOipZKzlI,ZFF9aXRqVzk4SU49Tjhl,JUBmdChMOzEySSYxIUA4QA==,ZWtwPl4hKTU3MiVbfX1+,Ki1pZiwuRTU4ISV1SHtP,JW5wLWNBJDVCKkd5ZGAs,OWFDdSZzPTVXMUo5VGN1
KndDbTphQDU5akQkRD9P,RUE/JTV9OTlsR3BKPz9a,YX1PdlIkbDZmcTBhSCow,JzZpVj1BTTlMeDQkQih2,cUZQbF1eSDZLZ1g+XF5K,Nnk7aGdbdTNAYidYS01K,d2s8SjQzJTEyLlxFU1V8Nw==,KzlBISZSNTVtSDw/MnIv,UVQqeGhHLzUqOzNiK1F2,UGBaRFVlWTV5Tnsmej1J
STVhVWNlJzUnNkYreGdT,U3woaFB4Qjd3Zz9uQixu,I19eQyxRdjlxQz85OCZi,TUMoQW9McTZ5KUZpM25V,XSVRLj1sZjV2Ulp6SnU0,OWYhfiUqMDkvNG1NbEAx,V0Rrbi1KSDEwLTFZIjIvLA==,L3NDQG5LYTEyQ2NuKk9oaA==,WHJTbmhQQjVzTD8kZSZI,fFNLI1RERjUiQ1s3PU1s
RVg4QWRsOTk4SHl+fFcr,by4hP28mazhtL2wwQkZm,SFk2ZihHcjE0ZU8nKTYwZg==,RylaQ2toaDluJkZXRyY0,LjpMLihKSDgjblF+cVF1,bFtcbHxpKDEwTnVPQ1JLRw==,O3o6fG45WDEwKnVBKHEqMg==,ZS57LV9KZTEwOGFHWEdkZA==,VS0jOnZCXjEyVD44Y1YoZw==,WjhieUZ8ezEzfndYUypqKw==
dEtgJU40PkRhdGUgYW5kIFRpbWUgb2YgZXhlY3V0aW9uYixQPDJZOw==,Kyw+IVhbUTMxLTEwLTIwMjAgMTQ6MzI6NTAzbV53cixs
